image_id,filename,image_path,label,class_name
1530,1530.jpg,D:\CV_leaf_identification\leaf_hog_lbp_svm\data\raw\Flavia\1530.jpg,8,chinese_cinnamon
1607,1607.jpg,D:\CV_leaf_identification\leaf_hog_lbp_svm\data\raw\Flavia\1607.jpg,2,anhui_barberry
1411,1411.jpg,D:\CV_leaf_identification\leaf_hog_lbp_svm\data\raw\Flavia\1411.jpg,7,castor_aralia
1506,1506.jpg,D:\CV_leaf_identification\leaf_hog_lbp_svm\data\raw\Flavia\1506.jpg,8,chinese_cinnamon
1018,1018.jpg,D:\CV_leaf_identification\leaf_hog_lbp_svm\data\raw\Flavia\1018.jpg,0,pubescent_bamboo
1252,1252.jpg,D:\CV_leaf_identification\leaf_hog_lbp_svm\data\raw\Flavia\1252.jpg,4,true_indigo
1553,1553.jpg,D:\CV_leaf_identification\leaf_hog_lbp_svm\data\raw\Flavia\1553.jpg,2,anhui_barberry
1378,1378.jpg,D:\CV_leaf_identification\leaf_hog_lbp_svm\data\raw\Flavia\1378.jpg,6,nanmu
1216,1216.jpg,D:\CV_leaf_identification\leaf_hog_lbp_svm\data\raw\Flavia\1216.jpg,4,true_indigo
1299,1299.jpg,D:\CV_leaf_identification\leaf_hog_lbp_svm\data\raw\Flavia\1299.jpg,5,japanese_maple
1265,1265.jpg,D:\CV_leaf_identification\leaf_hog_lbp_svm\data\raw\Flavia\1265.jpg,4,true_indigo
1544,1544.jpg,D:\CV_leaf_identification\leaf_hog_lbp_svm\data\raw\Flavia\1544.jpg,8,chinese_cinnamon
1028,1028.jpg,D:\CV_leaf_identification\leaf_hog_lbp_svm\data\raw\Flavia\1028.jpg,0,pubescent_bamboo
1269,1269.jpg,D:\CV_leaf_identification\leaf_hog_lbp_svm\data\raw\Flavia\1269.jpg,5,japanese_maple
1587,1587.jpg,D:\CV_leaf_identification\leaf_hog_lbp_svm\data\raw\Flavia\1587.jpg,2,anhui_barberry
1057,1057.jpg,D:\CV_leaf_identification\leaf_hog_lbp_svm\data\raw\Flavia\1057.jpg,0,pubescent_bamboo
1087,1087.jpg,D:\CV_leaf_identification\leaf_hog_lbp_svm\data\raw\Flavia\1087.jpg,1,chinese_horse_chestnut
1183,1183.jpg,D:\CV_leaf_identification\leaf_hog_lbp_svm\data\raw\Flavia\1183.jpg,3,chinese_redbud
1245,1245.jpg,D:\CV_leaf_identification\leaf_hog_lbp_svm\data\raw\Flavia\1245.jpg,4,true_indigo
1493,1493.jpg,D:\CV_leaf_identification\leaf_hog_lbp_svm\data\raw\Flavia\1493.jpg,9,goldenrain_tree
1258,1258.jpg,D:\CV_leaf_identification\leaf_hog_lbp_svm\data\raw\Flavia\1258.jpg,4,true_indigo
1312,1312.jpg,D:\CV_leaf_identification\leaf_hog_lbp_svm\data\raw\Flavia\1312.jpg,5,japanese_maple
1287,1287.jpg,D:\CV_leaf_identification\leaf_hog_lbp_svm\data\raw\Flavia\1287.jpg,5,japanese_maple
1112,1112.jpg,D:\CV_leaf_identification\leaf_hog_lbp_svm\data\raw\Flavia\1112.jpg,1,chinese_horse_chestnut
1505,1505.jpg,D:\CV_leaf_identification\leaf_hog_lbp_svm\data\raw\Flavia\1505.jpg,8,chinese_cinnamon
1471,1471.jpg,D:\CV_leaf_identification\leaf_hog_lbp_svm\data\raw\Flavia\1471.jpg,9,goldenrain_tree
1466,1466.jpg,D:\CV_leaf_identification\leaf_hog_lbp_svm\data\raw\Flavia\1466.jpg,9,goldenrain_tree
1603,1603.jpg,D:\CV_leaf_identification\leaf_hog_lbp_svm\data\raw\Flavia\1603.jpg,2,anhui_barberry
1278,1278.jpg,D:\CV_leaf_identification\leaf_hog_lbp_svm\data\raw\Flavia\1278.jpg,5,japanese_maple
1126,1126.jpg,D:\CV_leaf_identification\leaf_hog_lbp_svm\data\raw\Flavia\1126.jpg,3,chinese_redbud
1218,1218.jpg,D:\CV_leaf_identification\leaf_hog_lbp_svm\data\raw\Flavia\1218.jpg,4,true_indigo
1480,1480.jpg,D:\CV_leaf_identification\leaf_hog_lbp_svm\data\raw\Flavia\1480.jpg,9,goldenrain_tree
1423,1423.jpg,D:\CV_leaf_identification\leaf_hog_lbp_svm\data\raw\Flavia\1423.jpg,7,castor_aralia
1311,1311.jpg,D:\CV_leaf_identification\leaf_hog_lbp_svm\data\raw\Flavia\1311.jpg,5,japanese_maple
1006,1006.jpg,D:\CV_leaf_identification\leaf_hog_lbp_svm\data\raw\Flavia\1006.jpg,0,pubescent_bamboo
1609,1609.jpg,D:\CV_leaf_identification\leaf_hog_lbp_svm\data\raw\Flavia\1609.jpg,2,anhui_barberry
1372,1372.jpg,D:\CV_leaf_identification\leaf_hog_lbp_svm\data\raw\Flavia\1372.jpg,6,nanmu
1291,1291.jpg,D:\CV_leaf_identification\leaf_hog_lbp_svm\data\raw\Flavia\1291.jpg,5,japanese_maple
1381,1381.jpg,D:\CV_leaf_identification\leaf_hog_lbp_svm\data\raw\Flavia\1381.jpg,6,nanmu
1097,1097.jpg,D:\CV_leaf_identification\leaf_hog_lbp_svm\data\raw\Flavia\1097.jpg,1,chinese_horse_chestnut
1611,1611.jpg,D:\CV_leaf_identification\leaf_hog_lbp_svm\data\raw\Flavia\1611.jpg,2,anhui_barberry
1133,1133.jpg,D:\CV_leaf_identification\leaf_hog_lbp_svm\data\raw\Flavia\1133.jpg,3,chinese_redbud
1228,1228.jpg,D:\CV_leaf_identification\leaf_hog_lbp_svm\data\raw\Flavia\1228.jpg,4,true_indigo
1600,1600.jpg,D:\CV_leaf_identification\leaf_hog_lbp_svm\data\raw\Flavia\1600.jpg,2,anhui_barberry
1211,1211.jpg,D:\CV_leaf_identification\leaf_hog_lbp_svm\data\raw\Flavia\1211.jpg,4,true_indigo
1050,1050.jpg,D:\CV_leaf_identification\leaf_hog_lbp_svm\data\raw\Flavia\1050.jpg,0,pubescent_bamboo
1041,1041.jpg,D:\CV_leaf_identification\leaf_hog_lbp_svm\data\raw\Flavia\1041.jpg,0,pubescent_bamboo
1392,1392.jpg,D:\CV_leaf_identification\leaf_hog_lbp_svm\data\raw\Flavia\1392.jpg,7,castor_aralia
1198,1198.jpg,D:\CV_leaf_identification\leaf_hog_lbp_svm\data\raw\Flavia\1198.jpg,4,true_indigo
1527,1527.jpg,D:\CV_leaf_identification\leaf_hog_lbp_svm\data\raw\Flavia\1527.jpg,8,chinese_cinnamon
1440,1440.jpg,D:\CV_leaf_identification\leaf_hog_lbp_svm\data\raw\Flavia\1440.jpg,9,goldenrain_tree
1158,1158.jpg,D:\CV_leaf_identification\leaf_hog_lbp_svm\data\raw\Flavia\1158.jpg,3,chinese_redbud
1182,1182.jpg,D:\CV_leaf_identification\leaf_hog_lbp_svm\data\raw\Flavia\1182.jpg,3,chinese_redbud
1115,1115.jpg,D:\CV_leaf_identification\leaf_hog_lbp_svm\data\raw\Flavia\1115.jpg,1,chinese_horse_chestnut
1612,1612.jpg,D:\CV_leaf_identification\leaf_hog_lbp_svm\data\raw\Flavia\1612.jpg,2,anhui_barberry
1408,1408.jpg,D:\CV_leaf_identification\leaf_hog_lbp_svm\data\raw\Flavia\1408.jpg,7,castor_aralia
1522,1522.jpg,D:\CV_leaf_identification\leaf_hog_lbp_svm\data\raw\Flavia\1522.jpg,8,chinese_cinnamon
1539,1539.jpg,D:\CV_leaf_identification\leaf_hog_lbp_svm\data\raw\Flavia\1539.jpg,8,chinese_cinnamon
1306,1306.jpg,D:\CV_leaf_identification\leaf_hog_lbp_svm\data\raw\Flavia\1306.jpg,5,japanese_maple
1315,1315.jpg,D:\CV_leaf_identification\leaf_hog_lbp_svm\data\raw\Flavia\1315.jpg,5,japanese_maple
1321,1321.jpg,D:\CV_leaf_identification\leaf_hog_lbp_svm\data\raw\Flavia\1321.jpg,5,japanese_maple
1123,1123.jpg,D:\CV_leaf_identification\leaf_hog_lbp_svm\data\raw\Flavia\1123.jpg,3,chinese_redbud
1204,1204.jpg,D:\CV_leaf_identification\leaf_hog_lbp_svm\data\raw\Flavia\1204.jpg,4,true_indigo
1259,1259.jpg,D:\CV_leaf_identification\leaf_hog_lbp_svm\data\raw\Flavia\1259.jpg,4,true_indigo
1179,1179.jpg,D:\CV_leaf_identification\leaf_hog_lbp_svm\data\raw\Flavia\1179.jpg,3,chinese_redbud
1405,1405.jpg,D:\CV_leaf_identification\leaf_hog_lbp_svm\data\raw\Flavia\1405.jpg,7,castor_aralia
1387,1387.jpg,D:\CV_leaf_identification\leaf_hog_lbp_svm\data\raw\Flavia\1387.jpg,7,castor_aralia
1582,1582.jpg,D:\CV_leaf_identification\leaf_hog_lbp_svm\data\raw\Flavia\1582.jpg,2,anhui_barberry
1594,1594.jpg,D:\CV_leaf_identification\leaf_hog_lbp_svm\data\raw\Flavia\1594.jpg,2,anhui_barberry
1096,1096.jpg,D:\CV_leaf_identification\leaf_hog_lbp_svm\data\raw\Flavia\1096.jpg,1,chinese_horse_chestnut
1350,1350.jpg,D:\CV_leaf_identification\leaf_hog_lbp_svm\data\raw\Flavia\1350.jpg,6,nanmu
1232,1232.jpg,D:\CV_leaf_identification\leaf_hog_lbp_svm\data\raw\Flavia\1232.jpg,4,true_indigo
1479,1479.jpg,D:\CV_leaf_identification\leaf_hog_lbp_svm\data\raw\Flavia\1479.jpg,9,goldenrain_tree
1613,1613.jpg,D:\CV_leaf_identification\leaf_hog_lbp_svm\data\raw\Flavia\1613.jpg,2,anhui_barberry
1285,1285.jpg,D:\CV_leaf_identification\leaf_hog_lbp_svm\data\raw\Flavia\1285.jpg,5,japanese_maple
1293,1293.jpg,D:\CV_leaf_identification\leaf_hog_lbp_svm\data\raw\Flavia\1293.jpg,5,japanese_maple
1250,1250.jpg,D:\CV_leaf_identification\leaf_hog_lbp_svm\data\raw\Flavia\1250.jpg,4,true_indigo
1168,1168.jpg,D:\CV_leaf_identification\leaf_hog_lbp_svm\data\raw\Flavia\1168.jpg,3,chinese_redbud
1610,1610.jpg,D:\CV_leaf_identification\leaf_hog_lbp_svm\data\raw\Flavia\1610.jpg,2,anhui_barberry
1034,1034.jpg,D:\CV_leaf_identification\leaf_hog_lbp_svm\data\raw\Flavia\1034.jpg,0,pubescent_bamboo
1132,1132.jpg,D:\CV_leaf_identification\leaf_hog_lbp_svm\data\raw\Flavia\1132.jpg,3,chinese_redbud
1459,1459.jpg,D:\CV_leaf_identification\leaf_hog_lbp_svm\data\raw\Flavia\1459.jpg,9,goldenrain_tree
1070,1070.jpg,D:\CV_leaf_identification\leaf_hog_lbp_svm\data\raw\Flavia\1070.jpg,1,chinese_horse_chestnut
1056,1056.jpg,D:\CV_leaf_identification\leaf_hog_lbp_svm\data\raw\Flavia\1056.jpg,0,pubescent_bamboo
1320,1320.jpg,D:\CV_leaf_identification\leaf_hog_lbp_svm\data\raw\Flavia\1320.jpg,5,japanese_maple
1060,1060.jpg,D:\CV_leaf_identification\leaf_hog_lbp_svm\data\raw\Flavia\1060.jpg,1,chinese_horse_chestnut
1429,1429.jpg,D:\CV_leaf_identification\leaf_hog_lbp_svm\data\raw\Flavia\1429.jpg,7,castor_aralia
1014,1014.jpg,D:\CV_leaf_identification\leaf_hog_lbp_svm\data\raw\Flavia\1014.jpg,0,pubescent_bamboo
1554,1554.jpg,D:\CV_leaf_identification\leaf_hog_lbp_svm\data\raw\Flavia\1554.jpg,2,anhui_barberry
1298,1298.jpg,D:\CV_leaf_identification\leaf_hog_lbp_svm\data\raw\Flavia\1298.jpg,5,japanese_maple
1389,1389.jpg,D:\CV_leaf_identification\leaf_hog_lbp_svm\data\raw\Flavia\1389.jpg,7,castor_aralia
1161,1161.jpg,D:\CV_leaf_identification\leaf_hog_lbp_svm\data\raw\Flavia\1161.jpg,3,chinese_redbud
1263,1263.jpg,D:\CV_leaf_identification\leaf_hog_lbp_svm\data\raw\Flavia\1263.jpg,4,true_indigo
1042,1042.jpg,D:\CV_leaf_identification\leaf_hog_lbp_svm\data\raw\Flavia\1042.jpg,0,pubescent_bamboo
1322,1322.jpg,D:\CV_leaf_identification\leaf_hog_lbp_svm\data\raw\Flavia\1322.jpg,5,japanese_maple
1142,1142.jpg,D:\CV_leaf_identification\leaf_hog_lbp_svm\data\raw\Flavia\1142.jpg,3,chinese_redbud
1519,1519.jpg,D:\CV_leaf_identification\leaf_hog_lbp_svm\data\raw\Flavia\1519.jpg,8,chinese_cinnamon
1118,1118.jpg,D:\CV_leaf_identification\leaf_hog_lbp_svm\data\raw\Flavia\1118.jpg,1,chinese_horse_chestnut
1313,1313.jpg,D:\CV_leaf_identification\leaf_hog_lbp_svm\data\raw\Flavia\1313.jpg,5,japanese_maple
1089,1089.jpg,D:\CV_leaf_identification\leaf_hog_lbp_svm\data\raw\Flavia\1089.jpg,1,chinese_horse_chestnut
1178,1178.jpg,D:\CV_leaf_identification\leaf_hog_lbp_svm\data\raw\Flavia\1178.jpg,3,chinese_redbud
1483,1483.jpg,D:\CV_leaf_identification\leaf_hog_lbp_svm\data\raw\Flavia\1483.jpg,9,goldenrain_tree
1266,1266.jpg,D:\CV_leaf_identification\leaf_hog_lbp_svm\data\raw\Flavia\1266.jpg,4,true_indigo
1561,1561.jpg,D:\CV_leaf_identification\leaf_hog_lbp_svm\data\raw\Flavia\1561.jpg,2,anhui_barberry
1418,1418.jpg,D:\CV_leaf_identification\leaf_hog_lbp_svm\data\raw\Flavia\1418.jpg,7,castor_aralia
1107,1107.jpg,D:\CV_leaf_identification\leaf_hog_lbp_svm\data\raw\Flavia\1107.jpg,1,chinese_horse_chestnut
1379,1379.jpg,D:\CV_leaf_identification\leaf_hog_lbp_svm\data\raw\Flavia\1379.jpg,6,nanmu
1044,1044.jpg,D:\CV_leaf_identification\leaf_hog_lbp_svm\data\raw\Flavia\1044.jpg,0,pubescent_bamboo
1248,1248.jpg,D:\CV_leaf_identification\leaf_hog_lbp_svm\data\raw\Flavia\1248.jpg,4,true_indigo
1362,1362.jpg,D:\CV_leaf_identification\leaf_hog_lbp_svm\data\raw\Flavia\1362.jpg,6,nanmu
1565,1565.jpg,D:\CV_leaf_identification\leaf_hog_lbp_svm\data\raw\Flavia\1565.jpg,2,anhui_barberry
1568,1568.jpg,D:\CV_leaf_identification\leaf_hog_lbp_svm\data\raw\Flavia\1568.jpg,2,anhui_barberry
1583,1583.jpg,D:\CV_leaf_identification\leaf_hog_lbp_svm\data\raw\Flavia\1583.jpg,2,anhui_barberry
1135,1135.jpg,D:\CV_leaf_identification\leaf_hog_lbp_svm\data\raw\Flavia\1135.jpg,3,chinese_redbud
1130,1130.jpg,D:\CV_leaf_identification\leaf_hog_lbp_svm\data\raw\Flavia\1130.jpg,3,chinese_redbud
1283,1283.jpg,D:\CV_leaf_identification\leaf_hog_lbp_svm\data\raw\Flavia\1283.jpg,5,japanese_maple
1385,1385.jpg,D:\CV_leaf_identification\leaf_hog_lbp_svm\data\raw\Flavia\1385.jpg,6,nanmu
1084,1084.jpg,D:\CV_leaf_identification\leaf_hog_lbp_svm\data\raw\Flavia\1084.jpg,1,chinese_horse_chestnut
1355,1355.jpg,D:\CV_leaf_identification\leaf_hog_lbp_svm\data\raw\Flavia\1355.jpg,6,nanmu
1104,1104.jpg,D:\CV_leaf_identification\leaf_hog_lbp_svm\data\raw\Flavia\1104.jpg,1,chinese_horse_chestnut
1577,1577.jpg,D:\CV_leaf_identification\leaf_hog_lbp_svm\data\raw\Flavia\1577.jpg,2,anhui_barberry
1197,1197.jpg,D:\CV_leaf_identification\leaf_hog_lbp_svm\data\raw\Flavia\1197.jpg,4,true_indigo
1037,1037.jpg,D:\CV_leaf_identification\leaf_hog_lbp_svm\data\raw\Flavia\1037.jpg,0,pubescent_bamboo
1375,1375.jpg,D:\CV_leaf_identification\leaf_hog_lbp_svm\data\raw\Flavia\1375.jpg,6,nanmu
1230,1230.jpg,D:\CV_leaf_identification\leaf_hog_lbp_svm\data\raw\Flavia\1230.jpg,4,true_indigo
1549,1549.jpg,D:\CV_leaf_identification\leaf_hog_lbp_svm\data\raw\Flavia\1549.jpg,8,chinese_cinnamon
1219,1219.jpg,D:\CV_leaf_identification\leaf_hog_lbp_svm\data\raw\Flavia\1219.jpg,4,true_indigo
1167,1167.jpg,D:\CV_leaf_identification\leaf_hog_lbp_svm\data\raw\Flavia\1167.jpg,3,chinese_redbud
1580,1580.jpg,D:\CV_leaf_identification\leaf_hog_lbp_svm\data\raw\Flavia\1580.jpg,2,anhui_barberry
1325,1325.jpg,D:\CV_leaf_identification\leaf_hog_lbp_svm\data\raw\Flavia\1325.jpg,6,nanmu
1273,1273.jpg,D:\CV_leaf_identification\leaf_hog_lbp_svm\data\raw\Flavia\1273.jpg,5,japanese_maple
1545,1545.jpg,D:\CV_leaf_identification\leaf_hog_lbp_svm\data\raw\Flavia\1545.jpg,8,chinese_cinnamon
1329,1329.jpg,D:\CV_leaf_identification\leaf_hog_lbp_svm\data\raw\Flavia\1329.jpg,6,nanmu
1009,1009.jpg,D:\CV_leaf_identification\leaf_hog_lbp_svm\data\raw\Flavia\1009.jpg,0,pubescent_bamboo
1170,1170.jpg,D:\CV_leaf_identification\leaf_hog_lbp_svm\data\raw\Flavia\1170.jpg,3,chinese_redbud
1304,1304.jpg,D:\CV_leaf_identification\leaf_hog_lbp_svm\data\raw\Flavia\1304.jpg,5,japanese_maple
1005,1005.jpg,D:\CV_leaf_identification\leaf_hog_lbp_svm\data\raw\Flavia\1005.jpg,0,pubescent_bamboo
1156,1156.jpg,D:\CV_leaf_identification\leaf_hog_lbp_svm\data\raw\Flavia\1156.jpg,3,chinese_redbud
1208,1208.jpg,D:\CV_leaf_identification\leaf_hog_lbp_svm\data\raw\Flavia\1208.jpg,4,true_indigo
1035,1035.jpg,D:\CV_leaf_identification\leaf_hog_lbp_svm\data\raw\Flavia\1035.jpg,0,pubescent_bamboo
1446,1446.jpg,D:\CV_leaf_identification\leaf_hog_lbp_svm\data\raw\Flavia\1446.jpg,9,goldenrain_tree
1396,1396.jpg,D:\CV_leaf_identification\leaf_hog_lbp_svm\data\raw\Flavia\1396.jpg,7,castor_aralia
1165,1165.jpg,D:\CV_leaf_identification\leaf_hog_lbp_svm\data\raw\Flavia\1165.jpg,3,chinese_redbud
1124,1124.jpg,D:\CV_leaf_identification\leaf_hog_lbp_svm\data\raw\Flavia\1124.jpg,3,chinese_redbud
1581,1581.jpg,D:\CV_leaf_identification\leaf_hog_lbp_svm\data\raw\Flavia\1581.jpg,2,anhui_barberry
1605,1605.jpg,D:\CV_leaf_identification\leaf_hog_lbp_svm\data\raw\Flavia\1605.jpg,2,anhui_barberry
1169,1169.jpg,D:\CV_leaf_identification\leaf_hog_lbp_svm\data\raw\Flavia\1169.jpg,3,chinese_redbud
1464,1464.jpg,D:\CV_leaf_identification\leaf_hog_lbp_svm\data\raw\Flavia\1464.jpg,9,goldenrain_tree
1428,1428.jpg,D:\CV_leaf_identification\leaf_hog_lbp_svm\data\raw\Flavia\1428.jpg,7,castor_aralia
1376,1376.jpg,D:\CV_leaf_identification\leaf_hog_lbp_svm\data\raw\Flavia\1376.jpg,6,nanmu
1598,1598.jpg,D:\CV_leaf_identification\leaf_hog_lbp_svm\data\raw\Flavia\1598.jpg,2,anhui_barberry
1451,1451.jpg,D:\CV_leaf_identification\leaf_hog_lbp_svm\data\raw\Flavia\1451.jpg,9,goldenrain_tree
1478,1478.jpg,D:\CV_leaf_identification\leaf_hog_lbp_svm\data\raw\Flavia\1478.jpg,9,goldenrain_tree
1571,1571.jpg,D:\CV_leaf_identification\leaf_hog_lbp_svm\data\raw\Flavia\1571.jpg,2,anhui_barberry
1237,1237.jpg,D:\CV_leaf_identification\leaf_hog_lbp_svm\data\raw\Flavia\1237.jpg,4,true_indigo
1383,1383.jpg,D:\CV_leaf_identification\leaf_hog_lbp_svm\data\raw\Flavia\1383.jpg,6,nanmu
1053,1053.jpg,D:\CV_leaf_identification\leaf_hog_lbp_svm\data\raw\Flavia\1053.jpg,0,pubescent_bamboo
1468,1468.jpg,D:\CV_leaf_identification\leaf_hog_lbp_svm\data\raw\Flavia\1468.jpg,9,goldenrain_tree
1206,1206.jpg,D:\CV_leaf_identification\leaf_hog_lbp_svm\data\raw\Flavia\1206.jpg,4,true_indigo
1489,1489.jpg,D:\CV_leaf_identification\leaf_hog_lbp_svm\data\raw\Flavia\1489.jpg,9,goldenrain_tree
1078,1078.jpg,D:\CV_leaf_identification\leaf_hog_lbp_svm\data\raw\Flavia\1078.jpg,1,chinese_horse_chestnut
1380,1380.jpg,D:\CV_leaf_identification\leaf_hog_lbp_svm\data\raw\Flavia\1380.jpg,6,nanmu
1597,1597.jpg,D:\CV_leaf_identification\leaf_hog_lbp_svm\data\raw\Flavia\1597.jpg,2,anhui_barberry
1569,1569.jpg,D:\CV_leaf_identification\leaf_hog_lbp_svm\data\raw\Flavia\1569.jpg,2,anhui_barberry
1092,1092.jpg,D:\CV_leaf_identification\leaf_hog_lbp_svm\data\raw\Flavia\1092.jpg,1,chinese_horse_chestnut
1566,1566.jpg,D:\CV_leaf_identification\leaf_hog_lbp_svm\data\raw\Flavia\1566.jpg,2,anhui_barberry
1542,1542.jpg,D:\CV_leaf_identification\leaf_hog_lbp_svm\data\raw\Flavia\1542.jpg,8,chinese_cinnamon
1010,1010.jpg,D:\CV_leaf_identification\leaf_hog_lbp_svm\data\raw\Flavia\1010.jpg,0,pubescent_bamboo
1072,1072.jpg,D:\CV_leaf_identification\leaf_hog_lbp_svm\data\raw\Flavia\1072.jpg,1,chinese_horse_chestnut
1327,1327.jpg,D:\CV_leaf_identification\leaf_hog_lbp_svm\data\raw\Flavia\1327.jpg,6,nanmu
1079,1079.jpg,D:\CV_leaf_identification\leaf_hog_lbp_svm\data\raw\Flavia\1079.jpg,1,chinese_horse_chestnut
1354,1354.jpg,D:\CV_leaf_identification\leaf_hog_lbp_svm\data\raw\Flavia\1354.jpg,6,nanmu
1435,1435.jpg,D:\CV_leaf_identification\leaf_hog_lbp_svm\data\raw\Flavia\1435.jpg,7,castor_aralia
1393,1393.jpg,D:\CV_leaf_identification\leaf_hog_lbp_svm\data\raw\Flavia\1393.jpg,7,castor_aralia
1406,1406.jpg,D:\CV_leaf_identification\leaf_hog_lbp_svm\data\raw\Flavia\1406.jpg,7,castor_aralia
1400,1400.jpg,D:\CV_leaf_identification\leaf_hog_lbp_svm\data\raw\Flavia\1400.jpg,7,castor_aralia
1199,1199.jpg,D:\CV_leaf_identification\leaf_hog_lbp_svm\data\raw\Flavia\1199.jpg,4,true_indigo
1366,1366.jpg,D:\CV_leaf_identification\leaf_hog_lbp_svm\data\raw\Flavia\1366.jpg,6,nanmu
1443,1443.jpg,D:\CV_leaf_identification\leaf_hog_lbp_svm\data\raw\Flavia\1443.jpg,9,goldenrain_tree
1521,1521.jpg,D:\CV_leaf_identification\leaf_hog_lbp_svm\data\raw\Flavia\1521.jpg,8,chinese_cinnamon
1051,1051.jpg,D:\CV_leaf_identification\leaf_hog_lbp_svm\data\raw\Flavia\1051.jpg,0,pubescent_bamboo
1513,1513.jpg,D:\CV_leaf_identification\leaf_hog_lbp_svm\data\raw\Flavia\1513.jpg,8,chinese_cinnamon
1444,1444.jpg,D:\CV_leaf_identification\leaf_hog_lbp_svm\data\raw\Flavia\1444.jpg,9,goldenrain_tree
1593,1593.jpg,D:\CV_leaf_identification\leaf_hog_lbp_svm\data\raw\Flavia\1593.jpg,2,anhui_barberry
1361,1361.jpg,D:\CV_leaf_identification\leaf_hog_lbp_svm\data\raw\Flavia\1361.jpg,6,nanmu
1031,1031.jpg,D:\CV_leaf_identification\leaf_hog_lbp_svm\data\raw\Flavia\1031.jpg,0,pubescent_bamboo
1502,1502.jpg,D:\CV_leaf_identification\leaf_hog_lbp_svm\data\raw\Flavia\1502.jpg,8,chinese_cinnamon
1397,1397.jpg,D:\CV_leaf_identification\leaf_hog_lbp_svm\data\raw\Flavia\1397.jpg,7,castor_aralia
1420,1420.jpg,D:\CV_leaf_identification\leaf_hog_lbp_svm\data\raw\Flavia\1420.jpg,7,castor_aralia
1122,1122.jpg,D:\CV_leaf_identification\leaf_hog_lbp_svm\data\raw\Flavia\1122.jpg,1,chinese_horse_chestnut
1467,1467.jpg,D:\CV_leaf_identification\leaf_hog_lbp_svm\data\raw\Flavia\1467.jpg,9,goldenrain_tree
1551,1551.jpg,D:\CV_leaf_identification\leaf_hog_lbp_svm\data\raw\Flavia\1551.jpg,8,chinese_cinnamon
1567,1567.jpg,D:\CV_leaf_identification\leaf_hog_lbp_svm\data\raw\Flavia\1567.jpg,2,anhui_barberry
1191,1191.jpg,D:\CV_leaf_identification\leaf_hog_lbp_svm\data\raw\Flavia\1191.jpg,3,chinese_redbud
1384,1384.jpg,D:\CV_leaf_identification\leaf_hog_lbp_svm\data\raw\Flavia\1384.jpg,6,nanmu
1557,1557.jpg,D:\CV_leaf_identification\leaf_hog_lbp_svm\data\raw\Flavia\1557.jpg,2,anhui_barberry
1239,1239.jpg,D:\CV_leaf_identification\leaf_hog_lbp_svm\data\raw\Flavia\1239.jpg,4,true_indigo
1016,1016.jpg,D:\CV_leaf_identification\leaf_hog_lbp_svm\data\raw\Flavia\1016.jpg,0,pubescent_bamboo
1526,1526.jpg,D:\CV_leaf_identification\leaf_hog_lbp_svm\data\raw\Flavia\1526.jpg,8,chinese_cinnamon
1364,1364.jpg,D:\CV_leaf_identification\leaf_hog_lbp_svm\data\raw\Flavia\1364.jpg,6,nanmu
1576,1576.jpg,D:\CV_leaf_identification\leaf_hog_lbp_svm\data\raw\Flavia\1576.jpg,2,anhui_barberry
1270,1270.jpg,D:\CV_leaf_identification\leaf_hog_lbp_svm\data\raw\Flavia\1270.jpg,5,japanese_maple
1422,1422.jpg,D:\CV_leaf_identification\leaf_hog_lbp_svm\data\raw\Flavia\1422.jpg,7,castor_aralia
1426,1426.jpg,D:\CV_leaf_identification\leaf_hog_lbp_svm\data\raw\Flavia\1426.jpg,7,castor_aralia
1353,1353.jpg,D:\CV_leaf_identification\leaf_hog_lbp_svm\data\raw\Flavia\1353.jpg,6,nanmu
1550,1550.jpg,D:\CV_leaf_identification\leaf_hog_lbp_svm\data\raw\Flavia\1550.jpg,8,chinese_cinnamon
1352,1352.jpg,D:\CV_leaf_identification\leaf_hog_lbp_svm\data\raw\Flavia\1352.jpg,6,nanmu
1514,1514.jpg,D:\CV_leaf_identification\leaf_hog_lbp_svm\data\raw\Flavia\1514.jpg,8,chinese_cinnamon
1215,1215.jpg,D:\CV_leaf_identification\leaf_hog_lbp_svm\data\raw\Flavia\1215.jpg,4,true_indigo
1147,1147.jpg,D:\CV_leaf_identification\leaf_hog_lbp_svm\data\raw\Flavia\1147.jpg,3,chinese_redbud
1592,1592.jpg,D:\CV_leaf_identification\leaf_hog_lbp_svm\data\raw\Flavia\1592.jpg,2,anhui_barberry
1615,1615.jpg,D:\CV_leaf_identification\leaf_hog_lbp_svm\data\raw\Flavia\1615.jpg,2,anhui_barberry
1511,1511.jpg,D:\CV_leaf_identification\leaf_hog_lbp_svm\data\raw\Flavia\1511.jpg,8,chinese_cinnamon
1100,1100.jpg,D:\CV_leaf_identification\leaf_hog_lbp_svm\data\raw\Flavia\1100.jpg,1,chinese_horse_chestnut
1534,1534.jpg,D:\CV_leaf_identification\leaf_hog_lbp_svm\data\raw\Flavia\1534.jpg,8,chinese_cinnamon
1342,1342.jpg,D:\CV_leaf_identification\leaf_hog_lbp_svm\data\raw\Flavia\1342.jpg,6,nanmu
1452,1452.jpg,D:\CV_leaf_identification\leaf_hog_lbp_svm\data\raw\Flavia\1452.jpg,9,goldenrain_tree
1345,1345.jpg,D:\CV_leaf_identification\leaf_hog_lbp_svm\data\raw\Flavia\1345.jpg,6,nanmu
1367,1367.jpg,D:\CV_leaf_identification\leaf_hog_lbp_svm\data\raw\Flavia\1367.jpg,6,nanmu
1334,1334.jpg,D:\CV_leaf_identification\leaf_hog_lbp_svm\data\raw\Flavia\1334.jpg,6,nanmu
1083,1083.jpg,D:\CV_leaf_identification\leaf_hog_lbp_svm\data\raw\Flavia\1083.jpg,1,chinese_horse_chestnut
1316,1316.jpg,D:\CV_leaf_identification\leaf_hog_lbp_svm\data\raw\Flavia\1316.jpg,5,japanese_maple
1093,1093.jpg,D:\CV_leaf_identification\leaf_hog_lbp_svm\data\raw\Flavia\1093.jpg,1,chinese_horse_chestnut
1007,1007.jpg,D:\CV_leaf_identification\leaf_hog_lbp_svm\data\raw\Flavia\1007.jpg,0,pubescent_bamboo
1481,1481.jpg,D:\CV_leaf_identification\leaf_hog_lbp_svm\data\raw\Flavia\1481.jpg,9,goldenrain_tree
1328,1328.jpg,D:\CV_leaf_identification\leaf_hog_lbp_svm\data\raw\Flavia\1328.jpg,6,nanmu
1222,1222.jpg,D:\CV_leaf_identification\leaf_hog_lbp_svm\data\raw\Flavia\1222.jpg,4,true_indigo
1143,1143.jpg,D:\CV_leaf_identification\leaf_hog_lbp_svm\data\raw\Flavia\1143.jpg,3,chinese_redbud
1448,1448.jpg,D:\CV_leaf_identification\leaf_hog_lbp_svm\data\raw\Flavia\1448.jpg,9,goldenrain_tree
1458,1458.jpg,D:\CV_leaf_identification\leaf_hog_lbp_svm\data\raw\Flavia\1458.jpg,9,goldenrain_tree
1374,1374.jpg,D:\CV_leaf_identification\leaf_hog_lbp_svm\data\raw\Flavia\1374.jpg,6,nanmu
1116,1116.jpg,D:\CV_leaf_identification\leaf_hog_lbp_svm\data\raw\Flavia\1116.jpg,1,chinese_horse_chestnut
1332,1332.jpg,D:\CV_leaf_identification\leaf_hog_lbp_svm\data\raw\Flavia\1332.jpg,6,nanmu
1562,1562.jpg,D:\CV_leaf_identification\leaf_hog_lbp_svm\data\raw\Flavia\1562.jpg,2,anhui_barberry
1303,1303.jpg,D:\CV_leaf_identification\leaf_hog_lbp_svm\data\raw\Flavia\1303.jpg,5,japanese_maple
1310,1310.jpg,D:\CV_leaf_identification\leaf_hog_lbp_svm\data\raw\Flavia\1310.jpg,5,japanese_maple
1240,1240.jpg,D:\CV_leaf_identification\leaf_hog_lbp_svm\data\raw\Flavia\1240.jpg,4,true_indigo
1213,1213.jpg,D:\CV_leaf_identification\leaf_hog_lbp_svm\data\raw\Flavia\1213.jpg,4,true_indigo
1398,1398.jpg,D:\CV_leaf_identification\leaf_hog_lbp_svm\data\raw\Flavia\1398.jpg,7,castor_aralia
1117,1117.jpg,D:\CV_leaf_identification\leaf_hog_lbp_svm\data\raw\Flavia\1117.jpg,1,chinese_horse_chestnut
1305,1305.jpg,D:\CV_leaf_identification\leaf_hog_lbp_svm\data\raw\Flavia\1305.jpg,5,japanese_maple
1504,1504.jpg,D:\CV_leaf_identification\leaf_hog_lbp_svm\data\raw\Flavia\1504.jpg,8,chinese_cinnamon
1439,1439.jpg,D:\CV_leaf_identification\leaf_hog_lbp_svm\data\raw\Flavia\1439.jpg,9,goldenrain_tree
1438,1438.jpg,D:\CV_leaf_identification\leaf_hog_lbp_svm\data\raw\Flavia\1438.jpg,9,goldenrain_tree
1074,1074.jpg,D:\CV_leaf_identification\leaf_hog_lbp_svm\data\raw\Flavia\1074.jpg,1,chinese_horse_chestnut
1025,1025.jpg,D:\CV_leaf_identification\leaf_hog_lbp_svm\data\raw\Flavia\1025.jpg,0,pubescent_bamboo
1490,1490.jpg,D:\CV_leaf_identification\leaf_hog_lbp_svm\data\raw\Flavia\1490.jpg,9,goldenrain_tree
1377,1377.jpg,D:\CV_leaf_identification\leaf_hog_lbp_svm\data\raw\Flavia\1377.jpg,6,nanmu
1108,1108.jpg,D:\CV_leaf_identification\leaf_hog_lbp_svm\data\raw\Flavia\1108.jpg,1,chinese_horse_chestnut
1038,1038.jpg,D:\CV_leaf_identification\leaf_hog_lbp_svm\data\raw\Flavia\1038.jpg,0,pubescent_bamboo
1256,1256.jpg,D:\CV_leaf_identification\leaf_hog_lbp_svm\data\raw\Flavia\1256.jpg,4,true_indigo
1416,1416.jpg,D:\CV_leaf_identification\leaf_hog_lbp_svm\data\raw\Flavia\1416.jpg,7,castor_aralia
1148,1148.jpg,D:\CV_leaf_identification\leaf_hog_lbp_svm\data\raw\Flavia\1148.jpg,3,chinese_redbud
1608,1608.jpg,D:\CV_leaf_identification\leaf_hog_lbp_svm\data\raw\Flavia\1608.jpg,2,anhui_barberry
1193,1193.jpg,D:\CV_leaf_identification\leaf_hog_lbp_svm\data\raw\Flavia\1193.jpg,3,chinese_redbud
1080,1080.jpg,D:\CV_leaf_identification\leaf_hog_lbp_svm\data\raw\Flavia\1080.jpg,1,chinese_horse_chestnut
1091,1091.jpg,D:\CV_leaf_identification\leaf_hog_lbp_svm\data\raw\Flavia\1091.jpg,1,chinese_horse_chestnut
1532,1532.jpg,D:\CV_leaf_identification\leaf_hog_lbp_svm\data\raw\Flavia\1532.jpg,8,chinese_cinnamon
1257,1257.jpg,D:\CV_leaf_identification\leaf_hog_lbp_svm\data\raw\Flavia\1257.jpg,4,true_indigo
1289,1289.jpg,D:\CV_leaf_identification\leaf_hog_lbp_svm\data\raw\Flavia\1289.jpg,5,japanese_maple
1555,1555.jpg,D:\CV_leaf_identification\leaf_hog_lbp_svm\data\raw\Flavia\1555.jpg,2,anhui_barberry
1363,1363.jpg,D:\CV_leaf_identification\leaf_hog_lbp_svm\data\raw\Flavia\1363.jpg,6,nanmu
1214,1214.jpg,D:\CV_leaf_identification\leaf_hog_lbp_svm\data\raw\Flavia\1214.jpg,4,true_indigo
1280,1280.jpg,D:\CV_leaf_identification\leaf_hog_lbp_svm\data\raw\Flavia\1280.jpg,5,japanese_maple
1533,1533.jpg,D:\CV_leaf_identification\leaf_hog_lbp_svm\data\raw\Flavia\1533.jpg,8,chinese_cinnamon
1333,1333.jpg,D:\CV_leaf_identification\leaf_hog_lbp_svm\data\raw\Flavia\1333.jpg,6,nanmu
1564,1564.jpg,D:\CV_leaf_identification\leaf_hog_lbp_svm\data\raw\Flavia\1564.jpg,2,anhui_barberry
1186,1186.jpg,D:\CV_leaf_identification\leaf_hog_lbp_svm\data\raw\Flavia\1186.jpg,3,chinese_redbud
1282,1282.jpg,D:\CV_leaf_identification\leaf_hog_lbp_svm\data\raw\Flavia\1282.jpg,5,japanese_maple
1127,1127.jpg,D:\CV_leaf_identification\leaf_hog_lbp_svm\data\raw\Flavia\1127.jpg,3,chinese_redbud
1499,1499.jpg,D:\CV_leaf_identification\leaf_hog_lbp_svm\data\raw\Flavia\1499.jpg,8,chinese_cinnamon
1105,1105.jpg,D:\CV_leaf_identification\leaf_hog_lbp_svm\data\raw\Flavia\1105.jpg,1,chinese_horse_chestnut
1616,1616.jpg,D:\CV_leaf_identification\leaf_hog_lbp_svm\data\raw\Flavia\1616.jpg,2,anhui_barberry
1012,1012.jpg,D:\CV_leaf_identification\leaf_hog_lbp_svm\data\raw\Flavia\1012.jpg,0,pubescent_bamboo
1290,1290.jpg,D:\CV_leaf_identification\leaf_hog_lbp_svm\data\raw\Flavia\1290.jpg,5,japanese_maple
1241,1241.jpg,D:\CV_leaf_identification\leaf_hog_lbp_svm\data\raw\Flavia\1241.jpg,4,true_indigo
1441,1441.jpg,D:\CV_leaf_identification\leaf_hog_lbp_svm\data\raw\Flavia\1441.jpg,9,goldenrain_tree
1081,1081.jpg,D:\CV_leaf_identification\leaf_hog_lbp_svm\data\raw\Flavia\1081.jpg,1,chinese_horse_chestnut
1427,1427.jpg,D:\CV_leaf_identification\leaf_hog_lbp_svm\data\raw\Flavia\1427.jpg,7,castor_aralia
1119,1119.jpg,D:\CV_leaf_identification\leaf_hog_lbp_svm\data\raw\Flavia\1119.jpg,1,chinese_horse_chestnut
1121,1121.jpg,D:\CV_leaf_identification\leaf_hog_lbp_svm\data\raw\Flavia\1121.jpg,1,chinese_horse_chestnut
1404,1404.jpg,D:\CV_leaf_identification\leaf_hog_lbp_svm\data\raw\Flavia\1404.jpg,7,castor_aralia
1069,1069.jpg,D:\CV_leaf_identification\leaf_hog_lbp_svm\data\raw\Flavia\1069.jpg,1,chinese_horse_chestnut
1445,1445.jpg,D:\CV_leaf_identification\leaf_hog_lbp_svm\data\raw\Flavia\1445.jpg,9,goldenrain_tree
1442,1442.jpg,D:\CV_leaf_identification\leaf_hog_lbp_svm\data\raw\Flavia\1442.jpg,9,goldenrain_tree
1098,1098.jpg,D:\CV_leaf_identification\leaf_hog_lbp_svm\data\raw\Flavia\1098.jpg,1,chinese_horse_chestnut
1045,1045.jpg,D:\CV_leaf_identification\leaf_hog_lbp_svm\data\raw\Flavia\1045.jpg,0,pubescent_bamboo
1413,1413.jpg,D:\CV_leaf_identification\leaf_hog_lbp_svm\data\raw\Flavia\1413.jpg,7,castor_aralia
1129,1129.jpg,D:\CV_leaf_identification\leaf_hog_lbp_svm\data\raw\Flavia\1129.jpg,3,chinese_redbud
1409,1409.jpg,D:\CV_leaf_identification\leaf_hog_lbp_svm\data\raw\Flavia\1409.jpg,7,castor_aralia
1054,1054.jpg,D:\CV_leaf_identification\leaf_hog_lbp_svm\data\raw\Flavia\1054.jpg,0,pubescent_bamboo
1590,1590.jpg,D:\CV_leaf_identification\leaf_hog_lbp_svm\data\raw\Flavia\1590.jpg,2,anhui_barberry
1589,1589.jpg,D:\CV_leaf_identification\leaf_hog_lbp_svm\data\raw\Flavia\1589.jpg,2,anhui_barberry
1596,1596.jpg,D:\CV_leaf_identification\leaf_hog_lbp_svm\data\raw\Flavia\1596.jpg,2,anhui_barberry
1456,1456.jpg,D:\CV_leaf_identification\leaf_hog_lbp_svm\data\raw\Flavia\1456.jpg,9,goldenrain_tree
1475,1475.jpg,D:\CV_leaf_identification\leaf_hog_lbp_svm\data\raw\Flavia\1475.jpg,9,goldenrain_tree
1491,1491.jpg,D:\CV_leaf_identification\leaf_hog_lbp_svm\data\raw\Flavia\1491.jpg,9,goldenrain_tree
1086,1086.jpg,D:\CV_leaf_identification\leaf_hog_lbp_svm\data\raw\Flavia\1086.jpg,1,chinese_horse_chestnut
1340,1340.jpg,D:\CV_leaf_identification\leaf_hog_lbp_svm\data\raw\Flavia\1340.jpg,6,nanmu
1307,1307.jpg,D:\CV_leaf_identification\leaf_hog_lbp_svm\data\raw\Flavia\1307.jpg,5,japanese_maple
1139,1139.jpg,D:\CV_leaf_identification\leaf_hog_lbp_svm\data\raw\Flavia\1139.jpg,3,chinese_redbud
1457,1457.jpg,D:\CV_leaf_identification\leaf_hog_lbp_svm\data\raw\Flavia\1457.jpg,9,goldenrain_tree
1434,1434.jpg,D:\CV_leaf_identification\leaf_hog_lbp_svm\data\raw\Flavia\1434.jpg,7,castor_aralia
1454,1454.jpg,D:\CV_leaf_identification\leaf_hog_lbp_svm\data\raw\Flavia\1454.jpg,9,goldenrain_tree
1068,1068.jpg,D:\CV_leaf_identification\leaf_hog_lbp_svm\data\raw\Flavia\1068.jpg,1,chinese_horse_chestnut
1382,1382.jpg,D:\CV_leaf_identification\leaf_hog_lbp_svm\data\raw\Flavia\1382.jpg,6,nanmu
1602,1602.jpg,D:\CV_leaf_identification\leaf_hog_lbp_svm\data\raw\Flavia\1602.jpg,2,anhui_barberry
1453,1453.jpg,D:\CV_leaf_identification\leaf_hog_lbp_svm\data\raw\Flavia\1453.jpg,9,goldenrain_tree
1292,1292.jpg,D:\CV_leaf_identification\leaf_hog_lbp_svm\data\raw\Flavia\1292.jpg,5,japanese_maple
1525,1525.jpg,D:\CV_leaf_identification\leaf_hog_lbp_svm\data\raw\Flavia\1525.jpg,8,chinese_cinnamon
1365,1365.jpg,D:\CV_leaf_identification\leaf_hog_lbp_svm\data\raw\Flavia\1365.jpg,6,nanmu
1538,1538.jpg,D:\CV_leaf_identification\leaf_hog_lbp_svm\data\raw\Flavia\1538.jpg,8,chinese_cinnamon
1013,1013.jpg,D:\CV_leaf_identification\leaf_hog_lbp_svm\data\raw\Flavia\1013.jpg,0,pubescent_bamboo
1507,1507.jpg,D:\CV_leaf_identification\leaf_hog_lbp_svm\data\raw\Flavia\1507.jpg,8,chinese_cinnamon
1255,1255.jpg,D:\CV_leaf_identification\leaf_hog_lbp_svm\data\raw\Flavia\1255.jpg,4,true_indigo
1277,1277.jpg,D:\CV_leaf_identification\leaf_hog_lbp_svm\data\raw\Flavia\1277.jpg,5,japanese_maple
1114,1114.jpg,D:\CV_leaf_identification\leaf_hog_lbp_svm\data\raw\Flavia\1114.jpg,1,chinese_horse_chestnut
1482,1482.jpg,D:\CV_leaf_identification\leaf_hog_lbp_svm\data\raw\Flavia\1482.jpg,9,goldenrain_tree
1033,1033.jpg,D:\CV_leaf_identification\leaf_hog_lbp_svm\data\raw\Flavia\1033.jpg,0,pubescent_bamboo
1110,1110.jpg,D:\CV_leaf_identification\leaf_hog_lbp_svm\data\raw\Flavia\1110.jpg,1,chinese_horse_chestnut
1276,1276.jpg,D:\CV_leaf_identification\leaf_hog_lbp_svm\data\raw\Flavia\1276.jpg,5,japanese_maple
1395,1395.jpg,D:\CV_leaf_identification\leaf_hog_lbp_svm\data\raw\Flavia\1395.jpg,7,castor_aralia
1212,1212.jpg,D:\CV_leaf_identification\leaf_hog_lbp_svm\data\raw\Flavia\1212.jpg,4,true_indigo
1221,1221.jpg,D:\CV_leaf_identification\leaf_hog_lbp_svm\data\raw\Flavia\1221.jpg,4,true_indigo
1465,1465.jpg,D:\CV_leaf_identification\leaf_hog_lbp_svm\data\raw\Flavia\1465.jpg,9,goldenrain_tree
1249,1249.jpg,D:\CV_leaf_identification\leaf_hog_lbp_svm\data\raw\Flavia\1249.jpg,4,true_indigo
1203,1203.jpg,D:\CV_leaf_identification\leaf_hog_lbp_svm\data\raw\Flavia\1203.jpg,4,true_indigo
1002,1002.jpg,D:\CV_leaf_identification\leaf_hog_lbp_svm\data\raw\Flavia\1002.jpg,0,pubescent_bamboo
1509,1509.jpg,D:\CV_leaf_identification\leaf_hog_lbp_svm\data\raw\Flavia\1509.jpg,8,chinese_cinnamon
1027,1027.jpg,D:\CV_leaf_identification\leaf_hog_lbp_svm\data\raw\Flavia\1027.jpg,0,pubescent_bamboo
1188,1188.jpg,D:\CV_leaf_identification\leaf_hog_lbp_svm\data\raw\Flavia\1188.jpg,3,chinese_redbud
1394,1394.jpg,D:\CV_leaf_identification\leaf_hog_lbp_svm\data\raw\Flavia\1394.jpg,7,castor_aralia
1261,1261.jpg,D:\CV_leaf_identification\leaf_hog_lbp_svm\data\raw\Flavia\1261.jpg,4,true_indigo
1484,1484.jpg,D:\CV_leaf_identification\leaf_hog_lbp_svm\data\raw\Flavia\1484.jpg,9,goldenrain_tree
1601,1601.jpg,D:\CV_leaf_identification\leaf_hog_lbp_svm\data\raw\Flavia\1601.jpg,2,anhui_barberry
1546,1546.jpg,D:\CV_leaf_identification\leaf_hog_lbp_svm\data\raw\Flavia\1546.jpg,8,chinese_cinnamon
1477,1477.jpg,D:\CV_leaf_identification\leaf_hog_lbp_svm\data\raw\Flavia\1477.jpg,9,goldenrain_tree
1026,1026.jpg,D:\CV_leaf_identification\leaf_hog_lbp_svm\data\raw\Flavia\1026.jpg,0,pubescent_bamboo
1172,1172.jpg,D:\CV_leaf_identification\leaf_hog_lbp_svm\data\raw\Flavia\1172.jpg,3,chinese_redbud
1341,1341.jpg,D:\CV_leaf_identification\leaf_hog_lbp_svm\data\raw\Flavia\1341.jpg,6,nanmu
1253,1253.jpg,D:\CV_leaf_identification\leaf_hog_lbp_svm\data\raw\Flavia\1253.jpg,4,true_indigo
1421,1421.jpg,D:\CV_leaf_identification\leaf_hog_lbp_svm\data\raw\Flavia\1421.jpg,7,castor_aralia
1004,1004.jpg,D:\CV_leaf_identification\leaf_hog_lbp_svm\data\raw\Flavia\1004.jpg,0,pubescent_bamboo
1177,1177.jpg,D:\CV_leaf_identification\leaf_hog_lbp_svm\data\raw\Flavia\1177.jpg,3,chinese_redbud
1268,1268.jpg,D:\CV_leaf_identification\leaf_hog_lbp_svm\data\raw\Flavia\1268.jpg,5,japanese_maple
1062,1062.jpg,D:\CV_leaf_identification\leaf_hog_lbp_svm\data\raw\Flavia\1062.jpg,1,chinese_horse_chestnut
1535,1535.jpg,D:\CV_leaf_identification\leaf_hog_lbp_svm\data\raw\Flavia\1535.jpg,8,chinese_cinnamon
1144,1144.jpg,D:\CV_leaf_identification\leaf_hog_lbp_svm\data\raw\Flavia\1144.jpg,3,chinese_redbud
1032,1032.jpg,D:\CV_leaf_identification\leaf_hog_lbp_svm\data\raw\Flavia\1032.jpg,0,pubescent_bamboo
1356,1356.jpg,D:\CV_leaf_identification\leaf_hog_lbp_svm\data\raw\Flavia\1356.jpg,6,nanmu
1279,1279.jpg,D:\CV_leaf_identification\leaf_hog_lbp_svm\data\raw\Flavia\1279.jpg,5,japanese_maple
1064,1064.jpg,D:\CV_leaf_identification\leaf_hog_lbp_svm\data\raw\Flavia\1064.jpg,1,chinese_horse_chestnut
1020,1020.jpg,D:\CV_leaf_identification\leaf_hog_lbp_svm\data\raw\Flavia\1020.jpg,0,pubescent_bamboo
1160,1160.jpg,D:\CV_leaf_identification\leaf_hog_lbp_svm\data\raw\Flavia\1160.jpg,3,chinese_redbud
1235,1235.jpg,D:\CV_leaf_identification\leaf_hog_lbp_svm\data\raw\Flavia\1235.jpg,4,true_indigo
1128,1128.jpg,D:\CV_leaf_identification\leaf_hog_lbp_svm\data\raw\Flavia\1128.jpg,3,chinese_redbud
1226,1226.jpg,D:\CV_leaf_identification\leaf_hog_lbp_svm\data\raw\Flavia\1226.jpg,4,true_indigo
1463,1463.jpg,D:\CV_leaf_identification\leaf_hog_lbp_svm\data\raw\Flavia\1463.jpg,9,goldenrain_tree
1247,1247.jpg,D:\CV_leaf_identification\leaf_hog_lbp_svm\data\raw\Flavia\1247.jpg,4,true_indigo
1223,1223.jpg,D:\CV_leaf_identification\leaf_hog_lbp_svm\data\raw\Flavia\1223.jpg,4,true_indigo
1090,1090.jpg,D:\CV_leaf_identification\leaf_hog_lbp_svm\data\raw\Flavia\1090.jpg,1,chinese_horse_chestnut
1138,1138.jpg,D:\CV_leaf_identification\leaf_hog_lbp_svm\data\raw\Flavia\1138.jpg,3,chinese_redbud
1344,1344.jpg,D:\CV_leaf_identification\leaf_hog_lbp_svm\data\raw\Flavia\1344.jpg,6,nanmu
1515,1515.jpg,D:\CV_leaf_identification\leaf_hog_lbp_svm\data\raw\Flavia\1515.jpg,8,chinese_cinnamon
1518,1518.jpg,D:\CV_leaf_identification\leaf_hog_lbp_svm\data\raw\Flavia\1518.jpg,8,chinese_cinnamon
1153,1153.jpg,D:\CV_leaf_identification\leaf_hog_lbp_svm\data\raw\Flavia\1153.jpg,3,chinese_redbud
1536,1536.jpg,D:\CV_leaf_identification\leaf_hog_lbp_svm\data\raw\Flavia\1536.jpg,8,chinese_cinnamon
1113,1113.jpg,D:\CV_leaf_identification\leaf_hog_lbp_svm\data\raw\Flavia\1113.jpg,1,chinese_horse_chestnut
1510,1510.jpg,D:\CV_leaf_identification\leaf_hog_lbp_svm\data\raw\Flavia\1510.jpg,8,chinese_cinnamon
1151,1151.jpg,D:\CV_leaf_identification\leaf_hog_lbp_svm\data\raw\Flavia\1151.jpg,3,chinese_redbud
1570,1570.jpg,D:\CV_leaf_identification\leaf_hog_lbp_svm\data\raw\Flavia\1570.jpg,2,anhui_barberry
1370,1370.jpg,D:\CV_leaf_identification\leaf_hog_lbp_svm\data\raw\Flavia\1370.jpg,6,nanmu
1503,1503.jpg,D:\CV_leaf_identification\leaf_hog_lbp_svm\data\raw\Flavia\1503.jpg,8,chinese_cinnamon
1209,1209.jpg,D:\CV_leaf_identification\leaf_hog_lbp_svm\data\raw\Flavia\1209.jpg,4,true_indigo
1200,1200.jpg,D:\CV_leaf_identification\leaf_hog_lbp_svm\data\raw\Flavia\1200.jpg,4,true_indigo
1431,1431.jpg,D:\CV_leaf_identification\leaf_hog_lbp_svm\data\raw\Flavia\1431.jpg,7,castor_aralia
1001,1001.jpg,D:\CV_leaf_identification\leaf_hog_lbp_svm\data\raw\Flavia\1001.jpg,0,pubescent_bamboo
1540,1540.jpg,D:\CV_leaf_identification\leaf_hog_lbp_svm\data\raw\Flavia\1540.jpg,8,chinese_cinnamon
1403,1403.jpg,D:\CV_leaf_identification\leaf_hog_lbp_svm\data\raw\Flavia\1403.jpg,7,castor_aralia
1140,1140.jpg,D:\CV_leaf_identification\leaf_hog_lbp_svm\data\raw\Flavia\1140.jpg,3,chinese_redbud
1071,1071.jpg,D:\CV_leaf_identification\leaf_hog_lbp_svm\data\raw\Flavia\1071.jpg,1,chinese_horse_chestnut
1497,1497.jpg,D:\CV_leaf_identification\leaf_hog_lbp_svm\data\raw\Flavia\1497.jpg,8,chinese_cinnamon
1267,1267.jpg,D:\CV_leaf_identification\leaf_hog_lbp_svm\data\raw\Flavia\1267.jpg,4,true_indigo
1308,1308.jpg,D:\CV_leaf_identification\leaf_hog_lbp_svm\data\raw\Flavia\1308.jpg,5,japanese_maple
1470,1470.jpg,D:\CV_leaf_identification\leaf_hog_lbp_svm\data\raw\Flavia\1470.jpg,9,goldenrain_tree
1145,1145.jpg,D:\CV_leaf_identification\leaf_hog_lbp_svm\data\raw\Flavia\1145.jpg,3,chinese_redbud
1556,1556.jpg,D:\CV_leaf_identification\leaf_hog_lbp_svm\data\raw\Flavia\1556.jpg,2,anhui_barberry
1030,1030.jpg,D:\CV_leaf_identification\leaf_hog_lbp_svm\data\raw\Flavia\1030.jpg,0,pubescent_bamboo
1055,1055.jpg,D:\CV_leaf_identification\leaf_hog_lbp_svm\data\raw\Flavia\1055.jpg,0,pubescent_bamboo
1399,1399.jpg,D:\CV_leaf_identification\leaf_hog_lbp_svm\data\raw\Flavia\1399.jpg,7,castor_aralia
1260,1260.jpg,D:\CV_leaf_identification\leaf_hog_lbp_svm\data\raw\Flavia\1260.jpg,4,true_indigo
1572,1572.jpg,D:\CV_leaf_identification\leaf_hog_lbp_svm\data\raw\Flavia\1572.jpg,2,anhui_barberry
1185,1185.jpg,D:\CV_leaf_identification\leaf_hog_lbp_svm\data\raw\Flavia\1185.jpg,3,chinese_redbud
1207,1207.jpg,D:\CV_leaf_identification\leaf_hog_lbp_svm\data\raw\Flavia\1207.jpg,4,true_indigo
1543,1543.jpg,D:\CV_leaf_identification\leaf_hog_lbp_svm\data\raw\Flavia\1543.jpg,8,chinese_cinnamon
1349,1349.jpg,D:\CV_leaf_identification\leaf_hog_lbp_svm\data\raw\Flavia\1349.jpg,6,nanmu
1281,1281.jpg,D:\CV_leaf_identification\leaf_hog_lbp_svm\data\raw\Flavia\1281.jpg,5,japanese_maple
1102,1102.jpg,D:\CV_leaf_identification\leaf_hog_lbp_svm\data\raw\Flavia\1102.jpg,1,chinese_horse_chestnut
1326,1326.jpg,D:\CV_leaf_identification\leaf_hog_lbp_svm\data\raw\Flavia\1326.jpg,6,nanmu
1157,1157.jpg,D:\CV_leaf_identification\leaf_hog_lbp_svm\data\raw\Flavia\1157.jpg,3,chinese_redbud
1371,1371.jpg,D:\CV_leaf_identification\leaf_hog_lbp_svm\data\raw\Flavia\1371.jpg,6,nanmu
1202,1202.jpg,D:\CV_leaf_identification\leaf_hog_lbp_svm\data\raw\Flavia\1202.jpg,4,true_indigo
1391,1391.jpg,D:\CV_leaf_identification\leaf_hog_lbp_svm\data\raw\Flavia\1391.jpg,7,castor_aralia
1187,1187.jpg,D:\CV_leaf_identification\leaf_hog_lbp_svm\data\raw\Flavia\1187.jpg,3,chinese_redbud
1402,1402.jpg,D:\CV_leaf_identification\leaf_hog_lbp_svm\data\raw\Flavia\1402.jpg,7,castor_aralia
1412,1412.jpg,D:\CV_leaf_identification\leaf_hog_lbp_svm\data\raw\Flavia\1412.jpg,7,castor_aralia
1517,1517.jpg,D:\CV_leaf_identification\leaf_hog_lbp_svm\data\raw\Flavia\1517.jpg,8,chinese_cinnamon
1136,1136.jpg,D:\CV_leaf_identification\leaf_hog_lbp_svm\data\raw\Flavia\1136.jpg,3,chinese_redbud
1415,1415.jpg,D:\CV_leaf_identification\leaf_hog_lbp_svm\data\raw\Flavia\1415.jpg,7,castor_aralia
1162,1162.jpg,D:\CV_leaf_identification\leaf_hog_lbp_svm\data\raw\Flavia\1162.jpg,3,chinese_redbud
1017,1017.jpg,D:\CV_leaf_identification\leaf_hog_lbp_svm\data\raw\Flavia\1017.jpg,0,pubescent_bamboo
1046,1046.jpg,D:\CV_leaf_identification\leaf_hog_lbp_svm\data\raw\Flavia\1046.jpg,0,pubescent_bamboo
1238,1238.jpg,D:\CV_leaf_identification\leaf_hog_lbp_svm\data\raw\Flavia\1238.jpg,4,true_indigo
1614,1614.jpg,D:\CV_leaf_identification\leaf_hog_lbp_svm\data\raw\Flavia\1614.jpg,2,anhui_barberry
1360,1360.jpg,D:\CV_leaf_identification\leaf_hog_lbp_svm\data\raw\Flavia\1360.jpg,6,nanmu
1488,1488.jpg,D:\CV_leaf_identification\leaf_hog_lbp_svm\data\raw\Flavia\1488.jpg,9,goldenrain_tree
1155,1155.jpg,D:\CV_leaf_identification\leaf_hog_lbp_svm\data\raw\Flavia\1155.jpg,3,chinese_redbud
1141,1141.jpg,D:\CV_leaf_identification\leaf_hog_lbp_svm\data\raw\Flavia\1141.jpg,3,chinese_redbud
1152,1152.jpg,D:\CV_leaf_identification\leaf_hog_lbp_svm\data\raw\Flavia\1152.jpg,3,chinese_redbud
1150,1150.jpg,D:\CV_leaf_identification\leaf_hog_lbp_svm\data\raw\Flavia\1150.jpg,3,chinese_redbud
1058,1058.jpg,D:\CV_leaf_identification\leaf_hog_lbp_svm\data\raw\Flavia\1058.jpg,0,pubescent_bamboo
1231,1231.jpg,D:\CV_leaf_identification\leaf_hog_lbp_svm\data\raw\Flavia\1231.jpg,4,true_indigo
1275,1275.jpg,D:\CV_leaf_identification\leaf_hog_lbp_svm\data\raw\Flavia\1275.jpg,5,japanese_maple
1447,1447.jpg,D:\CV_leaf_identification\leaf_hog_lbp_svm\data\raw\Flavia\1447.jpg,9,goldenrain_tree
1075,1075.jpg,D:\CV_leaf_identification\leaf_hog_lbp_svm\data\raw\Flavia\1075.jpg,1,chinese_horse_chestnut
1048,1048.jpg,D:\CV_leaf_identification\leaf_hog_lbp_svm\data\raw\Flavia\1048.jpg,0,pubescent_bamboo
1082,1082.jpg,D:\CV_leaf_identification\leaf_hog_lbp_svm\data\raw\Flavia\1082.jpg,1,chinese_horse_chestnut
1309,1309.jpg,D:\CV_leaf_identification\leaf_hog_lbp_svm\data\raw\Flavia\1309.jpg,5,japanese_maple
1190,1190.jpg,D:\CV_leaf_identification\leaf_hog_lbp_svm\data\raw\Flavia\1190.jpg,3,chinese_redbud
1436,1436.jpg,D:\CV_leaf_identification\leaf_hog_lbp_svm\data\raw\Flavia\1436.jpg,7,castor_aralia
1274,1274.jpg,D:\CV_leaf_identification\leaf_hog_lbp_svm\data\raw\Flavia\1274.jpg,5,japanese_maple
